timestamp,temperature,pressure,shift,cycle_time,lag_1,rolling_mean_3,prediction,residual,anomaly
2024-01-01 00:02:00,33.23844269050346,3.6014324261808586,0,47.84120315769858,52.17522365526295,49.15037056437859,47.96851749417475,0.12731433647616797,False
2024-01-01 00:03:00,37.61514928204013,5.562969236690571,1,55.2333083433816,47.84120315769858,51.74991171878105,57.71197839123011,2.47867004784851,False
2024-01-01 00:04:00,28.829233126383322,4.3493574308781735,0,44.30798150717122,55.2333083433816,49.12749766941713,44.53046886466784,0.2224873574966182,False
2024-01-01 00:05:00,28.8293152152541,4.512874616235304,0,45.150048230276056,44.30798150717122,48.23044602694296,46.85672408336414,1.7066758530880861,False
2024-01-01 00:06:00,37.896064077536955,4.407606075761131,0,51.41457140268098,45.150048230276056,46.95753371337609,51.017819617635844,0.396751785045133,False
2024-01-01 00:07:00,33.837173645764544,4.136009230320184,0,48.1509222990194,51.41457140268098,48.238513977325475,47.8484626783828,0.30245962063659704,False
2024-01-01 00:08:00,27.65262807032524,5.048521627944827,1,46.71811908064668,48.1509222990194,48.76120426078236,48.9320230054727,2.2139039248260204,False
2024-01-01 00:09:00,32.712800217929825,4.169049883588962,0,45.84443833924196,46.71811908064668,46.90449323963602,47.34672754720623,1.5022892079642673,False
2024-01-01 00:10:00,27.682911535937688,5.2704568257798385,1,45.34111868515076,45.84443833924196,45.967892035013136,47.23875176560578,1.8976330804550159,False
2024-01-01 00:11:00,27.671351232148716,4.949761890550863,0,46.63623447209285,45.34111868515076,45.940597165495184,43.96922598437287,2.6670084877199827,False
2024-01-01 00:12:00,31.20981135783017,4.76105195313359,0,43.48012261548157,46.63623447209285,45.15249192424173,45.04857144754038,1.568448832058813,False
2024-01-01 00:13:00,20.43359877671101,4.092436337958402,0,35.96106862577699,43.48012261548157,42.02580857111713,36.605603128621766,0.6445345028447775,False
2024-01-01 00:14:00,21.375410837434835,4.423228669431667,1,41.663514138809475,35.96106862577699,40.36823512668935,41.25101427104948,0.4124998677599976,False
2024-01-01 00:15:00,27.188562353795135,5.755391225825756,0,44.54069863692499,41.663514138809475,40.72176046717049,40.362384438004675,4.178314198920319,False
2024-01-01 00:16:00,24.93584439832788,5.500917187624381,1,45.35877616207825,44.54069863692499,43.854329645937575,44.16138078270049,1.1973953793777596,False
2024-01-01 00:17:00,31.571236662976368,4.022444755201449,1,53.752473475728564,45.35877616207825,47.88398275824394,51.18188143936989,2.5705920363586756,False
2024-01-01 00:18:00,25.459879622393945,5.099332305429225,1,45.02092244942742,53.752473475728564,48.044057362411415,45.42001213298199,0.3990896835545712,False
2024-01-01 00:19:00,22.938481493323543,5.751387123371789,1,44.90877351910644,45.02092244942742,47.89405648142081,46.31641571516824,1.4076421960618006,False
2024-01-01 00:20:00,37.32824384460777,3.3305947188786282,1,54.1919009691667,44.90877351910644,48.04053231256685,54.82907191063274,0.6371709414660387,False
2024-01-01 00:21:00,28.871118497567323,5.543360192379935,1,53.38719305360063,54.1919009691667,50.82928918062459,49.82583509687248,3.561357956728152,False
2024-01-01 00:22:00,30.33764102343962,4.337376241054153,1,47.89491598069267,53.38719305360063,51.82467000115334,51.605333119110114,3.7104171384174407,False
2024-01-01 00:23:00,22.87625906893272,5.570598668593159,1,44.920648675600226,47.89491598069267,48.73425256996452,46.1629473937661,1.242298718165877,False
2024-01-01 00:24:00,27.278086377374088,4.236740843457483,1,70.14910825863586,44.920648675600226,54.32155763830959,54.250822491891334,15.898285766744529,True
2024-01-01 00:25:00,30.55461294854933,3.195117899335481,0,46.27128855374246,70.14910825863586,53.78034849599285,45.19425205319753,1.0770365005449278,False
2024-01-01 00:26:00,24.245032112888488,3.3724575621168373,0,40.025450372555376,46.27128855374246,52.148615728311235,46.700412891196606,6.67496251864123,False
2024-01-01 00:27:00,31.87849009172836,5.048084946661382,0,46.243150673915835,40.025450372555376,44.17996320007122,46.523459339277785,0.2803086653619502,False
2024-01-01 00:28:00,26.996806550405974,5.259722501721482,0,42.685068184283,46.243150673915835,42.9845564102514,40.82093840758534,1.8641297766976592,False
2024-01-01 00:29:00,28.541531251033618,4.095683374895591,0,43.53922099756991,42.685068184283,44.15581328525625,43.578873660444415,0.0396526628745022,False
2024-01-01 00:30:00,26.991466938853016,5.638592458777374,1,49.520931784672236,43.53922099756991,45.248406988841715,46.90784725306575,2.613084531606482,False
2024-01-01 00:31:00,39.26139092254469,3.33847993773104,1,61.830158741218455,49.520931784672236,51.630103841153534,57.78573905013351,4.044419691084947,False
2024-01-01 00:32:00,29.93251387631033,4.9339202013526835,1,48.831027531032596,61.830158741218455,53.394039352307765,50.42692679584985,1.5958992648172554,False
2024-01-01 00:33:00,24.711445355220498,3.7889838002375433,1,43.02955032501824,48.831027531032596,51.230245532423105,48.872809239382796,5.843258914364554,False
2024-01-01 00:34:00,34.11272456051594,4.3481638921978405,1,53.11361555171025,43.02955032501824,48.32473113592036,53.80880858266555,0.695193030955302,False
2024-01-01 00:35:00,23.895781750144888,5.047398671316414,1,50.276044075424544,53.11361555171025,48.806403317384344,45.2950943764836,4.980949698940947,False
2024-01-01 00:36:00,31.044317975023777,4.139586634716047,1,49.228105244079565,50.276044075424544,50.872588290404785,52.061060173338575,2.83295492925901,False
2024-01-01 00:37:00,20.201649380601122,4.615444455770175,0,40.43955311536904,49.228105244079565,46.64790081162439,38.89498180628608,1.5445713090829543,False
2024-01-01 00:38:00,23.359069755507846,6.0062928092144405,0,43.04265743255916,40.43955311536904,44.23677193066925,41.433918396887094,1.608739035672066,False
2024-01-01 00:39:00,30.984306179345616,4.423108130476852,0,44.6802684600605,43.04265743255916,42.720826335996236,43.783214632623086,0.8970538274374178,False
2024-01-01 00:40:00,33.69233289997705,5.835692112065142,0,49.091832478352195,44.6802684600605,45.604919456990615,47.663096704570265,1.4287357737819306,False
2024-01-01 00:41:00,30.85684140594985,3.870293145342382,1,53.942266371016956,49.091832478352195,49.238122436476544,50.8361719392033,3.106094431813659,False
2024-01-01 00:42:00,29.421758588058797,5.529804177915283,1,48.77915138847206,53.942266371016956,50.60441674594707,50.03540817959054,1.2562567911184814,False
2024-01-01 00:43:00,28.494481522053555,6.4415686206579,1,48.38842449743812,48.77915138847206,50.36994741897572,50.86585906019675,2.4774345627586243,False
2024-01-01 00:44:00,22.607390048162863,2.5283554998727107,0,37.922550210633,48.38842449743812,45.03004203218106,38.87516680226827,0.9526165916352696,False
2024-01-01 00:45:00,26.400778958026457,4.203104744529523,1,45.091109705035436,37.922550210633,43.80069480436885,46.659357709518275,1.5682480044828395,False
2024-01-01 00:46:00,27.696806145201062,5.57707212718054,1,46.858889826028836,45.091109705035436,43.29084991389909,45.21222555948914,1.6466642665396947,False
2024-01-01 00:47:00,35.285611131094576,4.796954613957007,1,51.78060837135115,46.858889826028836,47.91020263413847,53.16066855934478,1.380060187993628,False
2024-01-01 00:48:00,31.71809144784231,5.371145873371309,0,46.442640094792296,51.78060837135115,48.36071276405743,46.758659187318386,0.3160190925260906,False
2024-01-01 00:49:00,21.18479922318633,4.39601481328418,1,41.40789291643178,46.442640094792296,46.54371379419174,43.48044522996889,2.072552313537116,False
2024-01-01 00:50:00,31.620419846973974,5.0865897874729,0,46.763907701160676,41.40789291643178,44.87148023746158,46.57727737578688,0.1866303253737982,False
2024-01-01 00:51:00,28.074588597918417,4.84432276460792,0,40.34787958592748,46.763907701160676,42.839893401173306,41.13947783321101,0.791598247283531,False
2024-01-01 00:52:00,26.615389998470206,6.167782061659807,0,42.95407246320508,40.34787958592748,43.35528658343108,42.706797330888,0.24727513231707832,False
2024-01-01 00:53:00,33.058381444204336,5.254420843301213,0,49.113763078581314,42.95407246320508,44.13857170923796,46.41423094405735,2.699532134523963,False
2024-01-01 00:54:00,35.154997612479754,5.337602662075202,1,50.13652680484089,49.113763078581314,47.401454115542435,52.09708025079,1.9605534459491096,False
2024-01-01 00:55:00,34.65640059558099,4.588123033877532,0,49.47323361615994,50.13652680484089,49.57450783319405,49.92171501285024,0.44848139669030473,False
2024-01-01 00:56:00,25.803912383886807,4.512393775927507,0,44.09846789205603,49.47323361615994,47.90274277101895,43.28745117771631,0.811016714339722,False
2024-01-01 00:57:00,28.453938120743928,4.5674418121803795,1,46.343868459212736,44.09846789205603,46.63852332247623,48.66138436208694,2.317515902874206,False
2024-01-01 00:58:00,31.65631715701782,5.394452142378297,1,54.67019849928966,46.343868459212736,48.37084495018613,51.590817733934784,3.079380765354877,False
2024-01-01 00:59:00,34.877725635611796,4.5790155191797375,0,49.74021852722153,54.67019849928966,50.251428495241306,49.36127729992831,0.3789412272932182,False
2024-01-01 01:00:00,27.60412881077355,5.289774856896413,1,46.673279337102024,49.74021852722153,50.36123212120441,49.865862590839356,3.1925832537373324,False
2024-01-01 01:01:00,29.071705116680914,7.075400798645439,0,44.14582593802932,46.673279337102024,46.853107934117624,45.56323089639666,1.4174049583673423,False
2024-01-01 01:02:00,24.46832512996986,5.8711247034316925,0,41.69131392901933,44.14582593802932,44.17013973471689,40.98775672789676,0.703557201122571,False
2024-01-01 01:03:00,24.018966879596647,4.6739764678321585,0,40.367184286502145,41.69131392901933,42.06810805118359,39.41337813843687,0.9538061480652757,False
2024-01-01 01:04:00,34.06262911197099,6.201213922163944,0,49.32761527446953,40.367184286502145,43.79537116333034,47.60608794445405,1.7215273300154763,False
2024-01-01 01:05:00,36.78120014285412,4.591924626978448,1,76.5061290087211,49.32761527446953,55.40030952323093,59.76413038947561,16.741998619245493,True
2024-01-01 01:06:00,29.63994939209833,2.961875464822146,0,45.05068116175082,76.5061290087211,56.961475148313816,45.54321070345041,0.4925295416995894,False
2024-01-01 01:07:00,35.01766448946012,3.9919136890825957,1,51.186702597758135,45.05068116175082,57.581170922743354,61.66975924697857,10.483056649220437,True
2024-01-01 01:08:00,31.80818012523817,3.1292080789741443,1,51.22409197749314,51.186702597758135,49.15382524566737,50.63601574107797,0.5880762364151693,False
2024-01-01 01:09:00,26.77440122697438,4.648486515958691,1,45.61170569864992,51.22409197749314,49.34083342463373,47.96909508490479,2.357389386254866,False
2024-01-01 01:10:00,31.80697802754207,5.018418379189551,1,73.55281376064357,45.61170569864992,56.796203812262206,59.05166965013885,14.501144110504725,True
2024-01-01 01:11:00,37.690182832329846,6.676437312275283,0,53.624332616284754,73.55281376064357,57.596284025192745,52.392000491899516,1.2323321243852376,False
2024-01-01 01:12:00,29.820869804450243,5.326927373764162,1,52.039316084748734,53.624332616284754,59.73882082055902,58.16595479911254,6.126638714363807,False
2024-01-01 01:13:00,37.82321827907003,4.780899471191136,0,52.476850865070375,52.039316084748734,52.71349985536796,54.031598227582464,1.5547473625120887,False
2024-01-01 01:14:00,16.901274479551276,5.829405581183489,1,37.336394054295866,52.476850865070375,47.284187001371656,40.04523782399967,2.7088437697038046,False
2024-01-01 01:15:00,34.10951252187612,2.788864690992115,1,52.65479311811129,37.336394054295866,47.48934601249251,54.44393420413039,1.7891410860191002,False
2024-01-01 01:16:00,30.435235341190857,5.235614558108566,0,47.77438367291105,52.65479311811129,45.9218569484394,43.62185014870445,4.152533524206596,False
2024-01-01 01:17:00,28.504963247670663,5.770865193886967,0,44.08740442541634,47.77438367291105,48.172193738812894,45.83459934559556,1.7471949201792185,False
2024-01-01 01:18:00,30.45880388267751,3.5214137542201582,0,50.005702186105395,44.08740442541634,47.28916342814426,46.94464578800163,3.0610563981037657,False
2024-01-01 01:19:00,20.062155426995538,6.143754043206929,1,42.83636002038517,50.005702186105395,45.643155543968966,41.30164693430491,1.5347130860802594,False
2024-01-01 01:20:00,28.90164056081244,5.338496407494414,1,49.50541068163002,42.83636002038517,47.44915762937353,50.1045323248163,0.5991216431862796,False
2024-01-01 01:21:00,31.78556285755873,4.584712086099199,0,45.81021735764198,49.50541068163002,46.050662686552386,45.33425442728755,0.4759629303544344,False
2024-01-01 01:22:00,37.38947022370758,5.632781866106285,0,51.17865798853063,45.81021735764198,48.831428675934205,52.32467776375444,1.146019775223806,False
2024-01-01 01:23:00,27.40864890863176,7.270692857804396,0,42.62197945414432,51.17865798853063,46.536951600105645,43.04741038512366,0.4254309309793385,False
2024-01-01 01:24:00,25.95753198553406,5.1818662550584955,0,43.182242941804425,42.62197945414432,45.660960128159786,43.489400600286146,0.30715765848172083,False
2024-01-01 01:25:00,27.491214782077318,5.248220586300336,1,49.90637645925102,43.182242941804425,45.23686628506658,47.24006335591357,2.666313103337451,False
2024-01-01 01:26:00,34.57701058851037,4.540639100459756,0,47.0896295497924,49.90637645925102,46.72608298361595,47.48871957095233,0.3990900211599282,False
2024-01-01 01:27:00,31.643755548298422,4.150155630535208,0,43.652538531523184,47.0896295497924,46.882848180188866,46.571662558684075,2.9191240271608905,False
2024-01-01 01:28:00,27.351198981164806,5.830335816544245,0,39.20854843872525,43.652538531523184,43.31690550668028,42.13898058411609,2.9304321453908386,False
2024-01-01 01:29:00,32.56633716556678,4.1439161740911326,0,48.06905238627851,39.20854843872525,43.643379785508984,46.56785921615805,1.5011931701204588,False
2024-01-01 01:30:00,30.4853877467402,5.071566237219392,1,48.18157698504441,48.06905238627851,45.15305927001606,47.585529444724756,0.5960475403196526,False
2024-01-01 01:31:00,34.84322495266444,4.522342553234884,0,44.56879877622659,48.18157698504441,46.9398093825165,48.31528525127151,3.746486475044918,False
2024-01-01 01:32:00,26.489734530613237,5.478979825746392,1,47.96894483355251,44.56879877622659,46.9064401982745,47.71015261228518,0.2587922212673348,False
2024-01-01 01:33:00,28.361689267011158,5.333662105286948,0,48.675350448474504,47.96894483355251,47.0710313527512,44.679878052761445,3.9954723957130582,False
2024-01-01 01:34:00,28.039459234339212,6.037539944257899,0,43.41942556439158,48.675350448474504,46.687906948806194,44.06844296869532,0.6490174043037413,False
2024-01-01 01:35:00,22.682425259339407,4.489983601145253,1,45.82292175637481,43.41942556439158,45.9725659230803,44.76439530592995,1.0585264504448588,False
2024-01-01 01:36:00,31.48060138532288,4.730125064706629,0,46.348139825353435,45.82292175637481,45.196829048706604,45.474625566789356,0.8735142585640787,False
2024-01-01 01:37:00,31.305276360899448,4.021236284217693,1,50.84644178233727,46.348139825353435,47.67250112135517,50.56093225956243,0.285509522774845,False
2024-01-01 01:38:00,30.025567283212304,4.555706739923888,1,51.85860679254538,50.84644178233727,49.68439613341203,50.329269872727394,1.529336919817986,False
2024-01-01 01:39:00,28.827064333124266,5.377300493044852,0,43.48110237812211,51.85860679254538,48.728716984334916,45.29770249064593,1.8166001125238225,False
2024-01-01 01:40:00,22.92314628974793,5.756988616645351,1,44.87330165994214,43.48110237812211,46.73767027686987,45.74922657738806,0.8759249174459143,False
2024-01-01 01:41:00,27.896773386173205,4.077834675822374,1,48.96081432133059,44.87330165994214,45.77173945313161,47.2849704450627,1.6758438762678907,False
2024-01-01 01:42:00,28.286427417366152,5.86960592010566,1,47.292961026606825,48.96081432133059,47.04235900262652,47.74543509819604,0.45247407158921504,False
2024-01-01 01:43:00,25.988613653891903,6.3556378588049505,1,48.77497562218657,47.292961026606825,48.342916990041324,48.010433550602556,0.7645420715840103,False
2024-01-01 01:44:00,29.193571441669953,5.413434903223701,1,49.00493763994515,48.77497562218657,48.35762476291285,49.404030523408714,0.39909288346356675,False
2024-01-01 01:45:00,32.02025428407269,6.876795812558066,1,50.10471310827247,49.00493763994515,49.2948754568014,52.09043003981304,1.9857169315405727,False
2024-01-01 01:46:00,39.43092950605265,4.2262108008964265,1,58.617763291982925,50.10471310827247,52.57580468006685,58.67559972336486,0.05783643138193639,False
2024-01-01 01:47:00,30.872889064159196,3.755345296688583,1,48.90137528774528,58.617763291982925,52.54128389600023,50.98328884870147,2.0819135609561883,False
2024-01-01 01:48:00,31.28775195361382,3.2212797510957216,0,46.08656387762932,48.90137528774528,51.201900819119174,49.40252922291343,3.3159653452841127,False
2024-01-01 01:49:00,29.627770421169163,6.496044311489183,0,44.68397834364692,46.08656387762932,46.557305836340504,45.72065002599129,1.0366716823443696,False
2024-01-01 01:50:00,20.406143923504793,5.654365656354058,1,44.49670627046699,44.68397834364692,45.08908283058107,42.453360404857825,2.0433458656091616,False
2024-01-01 01:51:00,29.867430622753915,4.944415329089545,0,45.84334096396304,44.49670627046699,45.00800852602564,44.739624136606,1.1037168273570401,False
2024-01-01 01:52:00,30.301151049705133,5.27996862631982,1,50.19086692227382,45.84334096396304,46.84363805223461,49.581198648522935,0.6096682737508843,False
2024-01-01 01:53:00,42.316210562426434,3.8745109527016233,1,61.48850104834172,50.19086692227382,52.50756964485953,60.2893781558657,1.1991228924760193,False
2024-01-01 01:54:00,29.038195176094387,7.445751979616826,0,47.01097123891013,61.48850104834172,52.896779736508556,46.62031562318281,0.39065561572731866,False
2024-01-01 01:55:00,31.507736711668063,5.129221181975227,1,52.321809982038175,47.01097123891013,53.607094089763336,55.760322641683445,3.4385126596452693,False
2024-01-01 01:56:00,29.826441151473784,5.109394794604893,1,49.88185816086579,52.321809982038175,49.738213127271365,49.92742327578667,0.04556511492088333,False
2024-01-01 01:57:00,24.15660981190234,5.725766623898692,1,42.70161538482155,49.88185816086579,48.3017611759085,46.03591274853383,3.334297363712281,False
2024-01-01 01:58:00,35.7141140725751,5.481009231736714,1,52.44106393190933,42.70161538482155,48.341512492532225,55.06661160270822,2.6255476707988876,False
2024-01-01 01:59:00,33.75966516343387,5.223884024279132,0,47.397282722037765,52.44106393190933,47.51332067958955,47.063080975510786,0.3342017465269791,False
2024-01-01 02:00:00,33.95515973521523,4.209525544554688,1,51.94510338385362,47.397282722037765,50.594483345933575,54.40999774360429,2.464894359750673,False
2024-01-01 02:01:00,25.453062726026303,5.471468357135996,1,45.98850757485015,51.94510338385362,48.44363122691385,46.32496163266362,0.3364540578134694,False
2024-01-01 02:02:00,37.013971554680495,6.882024496475034,1,67.52314389741203,45.98850757485015,55.152251618705264,60.9925391052795,6.530604792132529,False
2024-01-01 02:03:00,22.990744686038596,6.3454200461549775,0,40.45198125754434,67.52314389741203,51.3212109099355,39.72826394529912,0.7237173122452205,False
2024-01-01 02:04:00,32.93428546900135,6.5931866266393975,1,52.206430819082904,40.45198125754434,53.39385199134642,58.51763391443468,6.311203095351779,False
2024-01-01 02:05:00,40.952278129049894,4.488784323568815,0,54.734825790892316,52.206430819082904,49.13107928917319,52.76736304009209,1.9674627508002231,False
2024-01-01 02:06:00,25.04731837434656,4.010395179741419,0,41.16680352909749,54.734825790892316,49.369353379690914,42.527860636132985,1.3610571070354922,False
2024-01-01 02:07:00,27.16851135198614,4.874213079900352,1,43.78387594888117,41.16680352909749,46.561835089623656,48.687175601301945,4.9032996524207775,False
2024-01-01 02:08:00,30.498256825438204,5.055724912288695,1,48.519934672713056,43.78387594888117,44.49020471689724,48.226481339507345,0.29345333320571143,False
2024-01-01 02:09:00,27.482621729419005,6.094191518470948,0,64.94620180522122,48.519934672713056,52.41667080893848,48.694185567078044,16.252016238143177,True
2024-01-01 02:10:00,22.246682844669337,3.307535370285181,1,41.377956790053254,64.94620180522122,51.61469775599585,43.102218237404045,1.7242614473507913,False
2024-01-01 02:11:00,30.342814874030136,6.529550319460614,0,46.47410935921652,41.377956790053254,50.93275598483033,51.234063764846454,4.759954405629934,False
2024-01-01 02:12:00,24.688481431369475,4.8419921014210106,0,43.812286809782975,46.47410935921652,43.88811765301758,40.063038664606744,3.7492481451762316,False
2024-01-01 02:13:00,32.36796215317591,4.57311893005258,1,54.33189342593536,43.812286809782975,48.20609653164496,52.463254156758,1.8686392691773648,False
2024-01-01 02:14:00,25.402878828830985,3.9878956247398323,1,61.79421067396086,54.33189342593536,53.312796969893064,49.56399578760371,12.230214886357153,True
2024-01-01 02:15:00,37.7496720250877,3.3451433281342307,0,54.18118989377006,61.79421067396086,56.769097997888764,54.49648737541921,0.3152974816491465,False
2024-01-01 02:16:00,26.083733538318814,5.823170583961915,0,42.164321745059276,54.18118989377006,52.713240770930064,46.46569243343092,4.301370688371641,False
2024-01-01 02:17:00,28.38969241897162,5.073317967188403,0,43.03758199294122,42.164321745059276,46.461031210590185,45.76360624757816,2.7260242546369398,False
2024-01-01 02:18:00,34.06758608684835,3.710039100258946,0,47.0272635423968,43.03758199294122,44.076389093465764,46.70641138691522,0.32085215548158175,False
2024-01-01 02:19:00,23.845678417830225,3.704921227936384,1,44.471603361287926,47.0272635423968,44.84548296554198,43.36693408896919,1.1046692723187377,False
2024-01-01 02:20:00,31.137299673020646,4.664215300709872,1,50.13348610133406,44.471603361287926,47.21078433500626,50.69183754396286,0.5583514426288048,False
2024-01-01 02:21:00,36.53571377141214,6.669021525289393,1,55.56940346188068,50.13348610133406,50.058164308167555,55.13682774563542,0.43257571624526037,False
2024-01-01 02:22:00,21.96258382719386,4.740408648636395,1,43.89121502385482,55.56940346188068,49.86470152902319,44.29006661767578,0.39885159382095736,False
2024-01-01 02:23:00,30.92316929266152,3.496857046881894,1,50.74462747443605,43.89121502385482,50.06841532005719,52.99038207211027,2.245754597674221,False
2024-01-01 02:24:00,31.299413971242117,4.754256935914055,0,46.91340751648639,50.74462747443605,47.18308333825909,45.68849365077179,1.2249138657145977,False
2024-01-01 02:25:00,33.909114358886555,4.72727643025233,1,55.50858403668193,46.91340751648639,51.055539675868125,54.994998111264216,0.5135859254177149,False
2024-01-01 02:26:00,23.81524644560959,2.3031133570584283,1,46.95130542737032,55.50858403668193,49.79109899351288,44.98418015679049,1.9671252705798352,False
2024-01-01 02:27:00,23.397716934578618,4.945705133482188,1,41.748377610763086,46.95130542737032,48.06942235827179,46.07606261052743,4.327684999764344,False
2024-01-01 02:28:00,32.60970782808449,4.769065469791322,1,46.97992399266368,41.748377610763086,45.226535676932365,50.66646337621767,3.686539383553992,False
2024-01-01 02:29:00,31.48492336616593,5.696206364813419,1,53.056578515411296,46.97992399266368,47.26162670627935,50.40476303749219,2.651815477919108,False
2024-01-01 02:30:00,31.252464251729382,6.848956094945345,0,43.26821400455267,53.056578515411296,47.76823883754255,45.842864565578935,2.5746505610262673,False
2024-01-01 02:31:00,31.732241047484877,6.126565029547757,0,45.936262034202535,43.26821400455267,47.4203515180555,48.4718871337584,2.5356250995558653,False
2024-01-01 02:32:00,26.599876392107547,4.731111309445169,0,39.93967506156732,45.936262034202535,43.04805036677417,40.63709520050428,0.6974201389369554,False
2024-01-01 02:33:00,31.161268485805017,3.8934740912583297,1,47.32505391348397,39.93967506156732,44.40033033641794,49.448518710662206,2.1234647971782366,False
2024-01-01 02:34:00,31.465362366493405,7.57335980324986,0,47.2552153496043,47.32505391348397,44.839981441551856,45.186386121728546,2.068829227875753,False
2024-01-01 02:35:00,26.42824290986816,5.059218434014488,0,43.66090464849982,47.2552153496043,46.08039130386269,42.81375041436835,0.8471542341314731,False
2024-01-01 02:36:00,39.328872555723784,5.013929291912946,1,56.31007724312559,43.66090464849982,49.07539908040991,57.54748183378151,1.2374045906559203,False
2024-01-01 02:37:00,32.36916460455894,4.975874912889997,1,46.71324709935733,56.31007724312559,48.894742996994246,49.60675281313193,2.8935057137746014,False
2024-01-01 02:38:00,24.043482513986756,5.198084760767855,1,44.14229711468444,46.71324709935733,49.05520715238912,47.4200325362186,3.2777354215341603,False
2024-01-01 02:39:00,33.28276804316915,4.855639588076057,0,48.40982244534042,44.14229711468444,46.421788886460725,48.11108645544263,0.2987359898977857,False
2024-01-01 02:40:00,25.126591648863393,4.4263379931197635,0,38.143450181542455,48.40982244534042,43.56518991385577,39.44276084047664,1.299310658934182,False
2024-01-01 02:41:00,33.93542301871226,4.453141058759607,1,53.51505825452812,38.143450181542455,46.689443627136995,53.688523717104566,0.1734654625764449,False
2024-01-01 02:42:00,35.79297789503702,4.9672467297840015,1,54.60376261768362,53.51505825452812,48.7540903512514,52.34908415486961,2.254678462814013,False
2024-01-01 02:43:00,25.89658840824145,4.456575228866235,0,42.87585372579533,54.60376261768362,50.33155819933569,43.97573044693932,1.0998767211439926,False
2024-01-01 02:44:00,34.816880646221605,4.287154217322835,0,49.092665253805585,42.87585372579533,48.85742719909484,51.396743158315026,2.304077904509441,False
2024-01-01 02:45:00,32.063904634682494,5.106430227691897,1,49.70498582598288,49.092665253805585,47.22450160186127,50.037813944602476,0.33282811861959516,False
2024-01-01 02:46:00,34.11030079997245,4.745022782579145,1,55.68138364330694,49.70498582598288,51.493011574365134,54.71072711005636,0.9706565332505761,False
2024-01-01 02:47:00,39.48396491326974,6.503992988582689,0,52.270112784561846,55.68138364330694,52.552160751283886,54.15058820251134,1.8804754179494907,False
2024-01-01 02:48:00,28.773059419985646,2.349030191606988,1,48.96383845696865,52.270112784561846,52.30511162827915,51.06703376867233,2.1031953117036792,False
2024-01-01 02:49:00,26.23131917821255,6.091506851922462,0,40.11851942442365,48.96383845696865,47.11749022198472,43.26624775727415,3.147728332850498,False
2024-01-01 02:50:00,25.552427851872384,6.246085192497629,0,40.555377779114885,40.11851942442365,43.2125785535024,42.01579870485664,1.460420925741758,False
2024-01-01 02:51:00,25.920948575172808,2.9266097675918505,0,39.967153432084444,40.555377779114885,40.21368354520766,39.02173569161158,0.9454177404728625,False
2024-01-01 02:52:00,29.614491452929478,4.657312405919651,0,44.345701042496735,39.967153432084444,41.62274408456535,42.91107660755868,1.4346244349380584,False
2024-01-01 02:53:00,31.70575987408322,4.628559134004209,1,54.78802485955126,44.345701042496735,46.36695977804414,50.34335307689046,4.444671782660798,False
2024-01-01 02:54:00,31.383453996650097,3.5924883052821786,1,48.362960911457364,54.78802485955126,49.165562271168454,49.44955016218568,1.0865892507283164,False
2024-01-01 02:55:00,34.13591624518012,4.222183312409125,0,45.081610200390614,48.362960911457364,49.41086532379975,49.90586630902538,4.8242561086347635,False
2024-01-01 02:56:00,30.065009459389536,3.8894241545341712,0,47.99434822249885,45.081610200390614,47.14630644478228,46.36184490172536,1.6325033207734876,False
2024-01-01 02:57:00,37.26767038578659,6.7522704434236225,0,50.39548895432554,47.99434822249885,47.82381579240499,50.95004153768191,0.5545525833563687,False
2024-01-01 02:58:00,28.67671583381022,5.9356783931474615,0,42.603227189728344,50.39548895432554,46.99768812218425,44.22162588131043,1.6183986915820867,False
2024-01-01 02:59:00,43.600845832948096,6.2715550949941585,0,57.96048604115063,42.603227189728344,50.319734061734835,58.374158799663064,0.41367275851243335,False
2024-01-01 03:00:00,33.128336738825034,5.7216720640432355,1,51.2914383115863,57.96048604115063,50.618383847488424,51.199503991573195,0.09193432001310242,False
2024-01-01 03:01:00,25.714212217918586,3.870948228782771,1,50.223389201428745,51.2914383115863,53.158437851388555,50.456450590817006,0.23306138938826138,False
2024-01-01 03:02:00,24.64553750969444,4.475479733720226,1,47.07228175043409,50.223389201428745,49.529036421149705,47.091566450556016,0.019284700121929177,False
2024-01-01 03:03:00,32.41236207621593,5.489374561227918,1,50.954066844681336,47.07228175043409,49.41657926551472,52.75675734442961,1.8026904997482731,False
2024-01-01 03:04:00,28.882686073370746,3.7778721911080546,0,48.4207652852276,50.954066844681336,48.81570462678101,45.407623197957776,3.013142087269827,False
2024-01-01 03:05:00,33.57000247046046,5.712998430172388,0,46.644572130361695,48.4207652852276,48.67313475342355,49.14893912716978,2.5043669968080877,False
2024-01-01 03:06:00,32.366188122867726,4.759674601841865,0,48.377141242312796,46.644572130361695,47.81415955263403,48.03003577104603,0.34710547126676516,False
2024-01-01 03:07:00,29.635855436715637,4.625179192450402,0,45.30726951018549,48.377141242312796,46.77632762761999,44.974381797341344,0.33288771284414764,False
2024-01-01 03:08:00,25.766031409657977,5.7109599682034915,0,44.21630770652398,45.30726951018549,45.966906153007415,42.964528047711354,1.251779658812623,False
2024-01-01 03:09:00,22.425763876570677,5.44426331148604,1,47.063633494710245,44.21630770652398,45.529070237139905,44.15513929353141,2.908494201178833,False
2024-01-01 03:10:00,27.767425239664895,4.63903383418092,0,43.27794848986345,47.063633494710245,44.85262989703256,42.56185345372829,0.7160950361351581,False
2024-01-01 03:11:00,34.28199397161736,6.159329803364248,1,51.91875943660152,43.27794848986345,47.42011380705841,53.352269415564166,1.4335099789626469,False
2024-01-01 03:12:00,31.07046872065102,3.9189366724001027,1,51.77631926239905,51.91875943660152,48.991009062954674,49.96750928137216,1.80880998102689,False
2024-01-01 03:13:00,23.771306106440058,5.615935606944264,1,43.66161414564783,51.77631926239905,49.1188976148828,45.95289242123685,2.291278275589015,False
2024-01-01 03:14:00,30.86590462925591,5.593101257968383,1,54.71949819845797,43.66161414564783,50.052477202168284,53.33745563660571,1.3820425618522592,False
2024-01-01 03:15:00,31.926586898644185,4.690453560686009,0,46.81434018108082,54.71949819845797,48.39848417506221,45.98449134022849,0.8298488408523355,False
2024-01-01 03:16:00,25.580712818994336,5.326133022242118,1,45.73392715257125,46.81434018108082,49.08925517737001,48.37448444644651,2.6405572938752613,False
2024-01-01 03:17:00,30.76862552972764,3.748886423614697,1,50.98426103551193,45.73392715257125,47.844176123054666,50.5117965750843,0.4724644604276307,False
2024-01-01 03:18:00,30.29104359223,5.924027019206901,1,47.538582294724606,50.98426103551193,48.08559016093593,49.29716302403247,1.758580729307866,False
2024-01-01 03:19:00,24.285148510846884,4.8150978635570105,0,38.48489073165621,47.538582294724606,45.66924468729758,41.04177585277135,2.556885121115144,False
2024-01-01 03:20:00,31.788936801741418,4.47727697948096,0,48.831977257281984,38.48489073165621,44.951816761220925,47.473470441053536,1.3585068162284486,False
2024-01-01 03:21:00,32.803922631841175,6.0490092258368895,0,45.929349547530144,48.831977257281984,44.41540584548945,44.971141377141365,0.9582081703887795,False
2024-01-01 03:22:00,35.41525621587638,4.29565630945724,1,52.23838300733723,45.929349547530144,48.99990327071646,54.355584607493576,2.117201600156349,False
2024-01-01 03:23:00,35.26901026017451,3.5915387036364406,1,55.28851371319418,52.23838300733723,51.15208208935385,54.22815956237618,1.060354150818,False
2024-01-01 03:24:00,23.111653160214544,3.4433708264760963,0,41.86073083749763,55.28851371319418,49.795875852676346,41.47304135001155,0.3876894874860781,False
2024-01-01 03:25:00,25.310874800424386,5.60600995134564,1,47.68660646166965,41.86073083749763,48.278617004120484,48.95156329221267,1.2649568305430208,False
2024-01-01 03:26:00,32.5751763360433,3.719570647503717,0,49.05223644044627,47.68660646166965,46.19985791320452,46.316009226664946,2.7362272137813264,False
2024-01-01 03:27:00,32.56892975456105,6.754794181984365,0,45.541553626509916,49.05223644044627,47.42679884287528,47.45967486569636,1.9181212391864406,False
2024-01-01 03:28:00,32.57523843153024,2.918070592116278,1,49.2165694117405,45.541553626509916,47.9367864928989,51.61107000168737,2.3945005899468654,False
2024-01-01 03:29:00,49.26365745327361,6.696456368290038,1,68.41359326652986,49.2165694117405,54.39057210159342,66.84165804931548,1.5719352172143743,False
2024-01-01 03:30:00,32.85445255346583,5.211017467202619,1,51.6382023650884,68.41359326652986,56.42278834778625,52.99190840180677,1.3537060367183713,False
2024-01-01 03:31:00,35.677828200902994,4.903286888129608,1,54.0405965278123,51.6382023650884,58.03079738647685,60.74926299643242,6.708666468620123,False
2024-01-01 03:32:00,34.770008817466014,4.4550809131910505,0,51.472395337670925,54.0405965278123,52.383731410190535,51.281202979824116,0.1911923578468091,False
2024-01-01 03:33:00,33.25695625652899,5.399136114352071,0,48.71802502402451,51.472395337670925,51.41033896316924,50.39854699734636,1.680521973321845,False
2024-01-01 03:34:00,28.42365377679827,4.962365297575151,0,44.65069856560183,48.71802502402451,48.28037297576575,45.48519084616904,0.8344922805672113,False
2024-01-01 03:35:00,33.79484610246634,6.103301882016521,0,52.36588157177523,44.65069856560183,48.5782017204672,50.32489918004758,2.0409823917276526,False
2024-01-01 03:36:00,26.13587392731214,5.114227648662039,0,40.621662681089425,52.36588157177523,45.87941427282217,41.03678453017907,0.415121849089644,False
2024-01-01 03:37:00,28.815906966299956,5.150301761461877,1,50.90840582920244,40.621662681089425,47.96531669402236,51.0874686407716,0.17906281156916037,False
2024-01-01 03:38:00,27.573182260854484,4.636387787786144,0,43.17257205847776,50.90840582920244,44.90088018958988,41.404678095909816,1.7678939625679462,False
2024-01-01 03:39:00,30.409370696931614,4.9430543762789325,0,45.8646811152718,43.17257205847776,46.648553000984,46.84693502863417,0.9822539133623707,False
2024-01-01 03:40:00,41.573292833367546,5.307801768892059,0,57.3155711195191,45.8646811152718,48.78427476442289,54.7581585267882,2.5574125927308984,False
2024-01-01 03:41:00,20.66367403704126,3.289831607343374,1,43.54661074221225,57.3155711195191,48.908954325667715,41.96234540605493,1.5842653361573227,False
2024-01-01 03:42:00,33.431300951872565,3.651814577894287,1,53.82163291959732,43.54661074221225,51.56127159377623,55.914489525183924,2.0928566055866042,False
2024-01-01 03:43:00,21.936420644051744,5.743264094022715,1,45.694151189860996,53.82163291959732,47.68746495055686,43.05702195660942,2.637129233251578,False
2024-01-01 03:44:00,27.640340671052833,5.170865438127942,1,47.3823670777565,45.694151189860996,48.96605039573827,49.809714429344446,2.4273473515879473,False
2024-01-01 03:45:00,35.44475298483683,4.8160166636473205,0,47.677383053191456,47.3823670777565,46.91796710693632,48.93272986486898,1.2553468116775264,False
2024-01-01 03:46:00,30.321400095477316,5.018433933065393,0,43.16750168833978,47.677383053191456,46.075750606429246,45.048748866999276,1.8812471786594926,False
2024-01-01 03:47:00,24.61127611035347,5.347581705361671,1,41.75630770953077,43.16750168833978,44.20039748368733,44.62255999451887,2.8662522849881,False
2024-01-01 03:48:00,26.42348145370016,4.460240319690638,1,51.25119942284077,41.75630770953077,45.391669606903776,47.00060721259295,4.250592210247817,False
2024-01-01 03:49:00,33.39798874467338,4.221695274597687,0,45.51197426429533,51.25119942284077,46.17316046555563,45.87058332162111,0.3586090573257792,False
2024-01-01 03:50:00,26.34816684141432,5.195845255097682,0,41.63602622595992,45.51197426429533,46.133066637698676,43.321615052589635,1.6855888266297185,False
2024-01-01 03:51:00,31.082292947909874,4.021627222384968,1,50.31220775855006,41.63602622595992,45.82006941626844,50.16135551103602,0.15085224751403814,False
2024-01-01 03:52:00,30.22785919951907,5.4082527557144715,1,50.79710075523346,50.31220775855006,47.581778246581145,48.93424683122405,1.862853924009407,False
2024-01-01 03:53:00,26.741998261970913,3.2974163957621596,1,49.02507303465532,50.79710075523346,50.04479384947962,48.459545942429834,0.5655270922254871,False
2024-01-01 03:54:00,40.719720446626624,6.029155637325644,1,60.29672333402079,49.02507303465532,53.372965707969854,60.729602760654686,0.432879426633896,False
2024-01-01 03:55:00,33.169595111590056,5.472597482413043,0,46.36952121213417,60.29672333402079,51.897105860270095,48.29524418184546,1.9257229697112948,False
2024-01-01 03:56:00,19.874287066711965,5.256029734313875,0,36.56518622579675,46.36952121213417,47.74381025731723,40.539978725116484,3.974792499319733,False
2024-01-01 03:57:00,30.93227157384714,5.982690983945514,0,46.31097716005431,36.56518622579675,43.081894865995075,46.127244273119345,0.18373288693496193,False
2024-01-01 03:58:00,26.69106767615806,6.665474444462577,1,46.85547188855935,46.31097716005431,43.24387842480346,44.39039299010388,2.4650788984554737,False
2024-01-01 03:59:00,34.26216667398112,6.014370065018131,1,56.62442449122488,46.85547188855935,49.93029117994618,54.464220201650534,2.160204289574345,False
2024-01-01 04:00:00,26.037396307836495,3.1591257686683547,0,42.811866949545696,56.62442449122488,48.763921109776646,41.94473132770106,0.8671356218446391,False
2024-01-01 04:01:00,29.426317792665504,3.7204230332642982,0,46.01080980623204,42.811866949545696,48.48236708233421,47.73040699698409,1.7195971907520473,False
2024-01-01 04:02:00,32.524936394902284,4.375181422304321,0,48.34571165325665,46.01080980623204,45.72279613634479,46.45084956342804,1.8948620898286137,False
2024-01-01 04:03:00,34.32877597085061,5.026091050210834,0,50.80996849165114,48.34571165325665,48.38882998371327,49.27857244274577,1.5313960489053713,False
2024-01-01 04:04:00,23.998517964721117,5.517659020469123,1,45.56085748918431,50.80996849165114,48.2388458780307,45.59236845183361,0.031510962649299756,False
2024-01-01 04:05:00,28.327493820795258,4.274256186846534,0,41.06833116072451,45.56085748918431,45.81305238051999,44.08990891434632,3.0215777536218056,False
2024-01-01 04:06:00,27.62527344419522,5.1867667644770785,0,43.89959465886146,41.06833116072451,43.509594436256755,43.094998144627404,0.8045965142340563,False
2024-01-01 04:07:00,26.73335383713144,4.2446170676466775,0,60.128730832386346,43.89959465886146,48.3655522173241,45.77220558639417,14.356525245992174,True
2024-01-01 04:08:00,38.82727120140548,4.388482197008051,0,62.841791582664406,60.128730832386346,55.62337235797074,54.80126085908364,8.040530723580765,True
2024-01-01 04:09:00,32.024908554804774,3.5933389031517775,0,47.79265488135401,62.841791582664406,56.921059098801585,50.89541995227174,3.1027650709177266,False
2024-01-01 04:10:00,23.695580228324772,4.076766753889096,0,42.433030325527085,47.79265488135401,51.02249226318184,45.0851393482135,2.6521090226864175,False
2024-01-01 04:11:00,34.58930973527388,3.6483153943836664,0,48.71399094169123,42.433030325527085,46.313225382857446,49.100951017481556,0.3869600757903271,False
2024-01-01 04:12:00,40.610780985063165,4.024126747022668,1,59.106290813248464,48.71399094169123,50.08443736015559,57.61499832083459,1.4912924924138764,False
2024-01-01 04:13:00,35.16232630275574,6.05364179660784,1,57.53429093147506,59.106290813248464,55.11819089547158,56.022780636882246,1.5115102945928172,False
2024-01-01 04:14:00,22.403150170229935,4.050601111168057,1,44.404026495161084,57.53429093147506,53.68153607996154,47.16880512219167,2.764778627030587,False
2024-01-01 04:15:00,27.578829635668743,7.63238206483739,1,53.26642993689579,44.404026495161084,51.73491578784398,52.897244451654096,0.3691854852416938,False
2024-01-01 04:16:00,36.334555745933116,5.493317900880889,0,51.19866388800958,53.26642993689579,49.62304010668882,50.245939670822324,0.952724217187253,False
2024-01-01 04:17:00,26.461652671906094,5.184836123694874,1,43.64779661921324,51.19866388800958,49.37096348137286,47.896852144798714,4.249055525585476,False
2024-01-01 04:18:00,32.219097140731144,4.141642219818786,1,53.28196095479398,43.64779661921324,49.37614048733894,53.35401739723625,0.07205644244226761,False
2024-01-01 04:19:00,33.87317026714668,5.700309879408992,0,48.8608529834829,53.28196095479398,48.596870185830035,47.89991200027082,0.9609409832120832,False
2024-01-01 04:20:00,25.365347642109583,4.424362173762226,0,43.871783621853155,48.8608529834829,48.67153252004334,43.83837109498576,0.033412526867394376,False
2024-01-01 04:21:00,29.702373219691,5.122009814645361,1,51.108261278292716,43.871783621853155,47.94696596120959,50.69244556005208,0.415815718240637,False
2024-01-01 04:22:00,13.793663299654636,7.560084538268795,1,36.75801867175616,51.108261278292716,43.91268785730068,35.925617527119975,0.8324011446361865,False
2024-01-01 04:23:00,24.878061793328552,4.90394010027535,0,38.45385296208411,36.75801867175616,42.106710970711,41.390437824215056,2.9365848621309425,False
2024-01-01 04:24:00,28.7371592430342,6.149273326285676,1,48.571680879855315,38.45385296208411,41.26118417123186,46.058988194624625,2.5126926852306894,False
2024-01-01 04:25:00,23.761084090175753,4.296823574874113,0,38.307826363722,48.571680879855315,41.777786735220474,37.01532826506711,1.2924980986548888,False
2024-01-01 04:26:00,38.16205651965818,4.9650115095030385,0,50.3685983161171,38.307826363722,45.749368519898134,52.153889763933215,1.785291447816114,False
2024-01-01 04:27:00,22.849293110196836,6.77080063563551,0,40.45659129699869,50.3685983161171,43.044338658945925,37.433291671642436,3.023299625356252,False
2024-01-01 04:28:00,27.799777566515083,4.373032942212233,0,46.57963106191488,40.45659129699869,45.80160689167689,45.20927418336488,1.3703568785499982,False
2024-01-01 04:29:00,30.653702886430455,6.8124485579969285,1,51.31230536879033,46.57963106191488,46.116175909234634,49.20675126598472,2.1055541028056055,False
2024-01-01 04:30:00,37.20636644533058,5.707751935455476,0,48.37332703219409,51.31230536879033,48.75508782096643,50.61409437356694,2.2407673413728517,False
2024-01-01 04:31:00,22.8206892441028,4.437533224105732,0,40.14575673172253,48.37332703219409,46.61046304423565,40.66528719225964,0.519530460537112,False
2024-01-01 04:32:00,35.815818760774796,5.632407739055521,1,57.04591798191114,40.14575673172253,48.521667248609255,56.024780103699676,1.0211378782114622,False
2024-01-01 04:33:00,30.051165305097935,5.97255444962673,0,43.821366435439586,57.04591798191114,47.00434704969109,43.19934674915656,0.622019686283025,False
2024-01-01 04:34:00,25.092456744760245,5.621809962217196,1,45.805931062462356,43.821366435439586,48.89107182660436,48.795653069521194,2.9897220070588375,False
2024-01-01 04:35:00,32.31051737131635,3.429775280109544,1,51.87779028651147,45.805931062462356,47.16836259480447,50.798080420745414,1.0797098657660555,False
2024-01-01 04:36:00,30.99529847786735,4.272862824175132,1,49.2264421561294,51.87779028651147,48.97005450170108,49.9712960160925,0.7448538599631007,False
2024-01-01 04:37:00,26.998915614206027,4.752481364448495,0,43.89569335905254,49.2264421561294,48.33330860056447,44.48945637065344,0.593763011600906,False
2024-01-01 04:38:00,30.349010424950094,4.925566570899954,1,50.03731204274452,43.89569335905254,47.71981585264215,50.852628152138344,0.8153161093938266,False
2024-01-01 04:39:00,28.0734320156912,5.620672097550678,1,49.297810500367014,50.03731204274452,47.743605300721356,47.87553096725661,1.4222795331104052,False
2024-01-01 04:40:00,30.56758672625624,5.177701000933254,0,43.67908502540079,49.297810500367014,47.67140252283744,46.136085572790165,2.4570005473893772,False
2024-01-01 04:41:00,33.31065337260523,3.6646556412898987,1,51.773606097437366,43.67908502540079,48.25016720773505,52.96743468173048,1.1938285842931151,False
2024-01-01 04:42:00,37.93008408072676,5.380197851005963,1,57.78882998023695,51.773606097437366,51.08050703435837,56.19568234472371,1.5931476355132403,False
2024-01-01 04:43:00,23.810922505865754,5.6105857452838235,1,44.303071700509065,57.78882998023695,51.28850259272779,46.14691187018988,1.843840169680817,False
2024-01-01 04:44:00,40.665166873281336,5.559790447931039,1,61.986061201091886,44.303071700509065,54.692654293945964,63.0803559189954,1.0942947179035158,False
2024-01-01 04:45:00,20.23956100238749,6.080780725554622,1,41.392376430680784,61.986061201091886,49.22716977742724,41.10616435713667,0.2862120735441138,False
2024-01-01 04:46:00,29.241074524822082,5.833922154548904,0,44.84222907136144,41.392376430680784,49.4068889010447,49.143042700711646,4.300813629350209,False
2024-01-01 04:47:00,32.94158603242288,5.459180079228437,1,54.218450489684486,44.84222907136144,46.817685330575564,51.47184459362608,2.746605896058405,False
2024-01-01 04:48:00,31.404959338675162,4.929834288541353,1,64.45196347222068,54.218450489684486,54.5042143444222,54.41061732478961,10.04134614743107,True
2024-01-01 04:49:00,26.88650240089703,3.3390390664840086,0,38.98758429675607,64.45196347222068,52.552666086220405,43.53770816756075,4.550123870804683,False
2024-01-01 04:50:00,28.959388748213623,5.4296182191325855,0,41.116198369430705,38.98758429675607,48.18524871280248,48.53646152015103,7.420263150720324,True
2024-01-01 04:51:00,27.534995326705836,5.207687687163111,0,45.55316446821904,41.116198369430705,41.88564904480193,41.63782877777313,3.9153356904459073,False
2024-01-01 04:52:00,27.053176215278942,5.271578837195373,1,66.41868539003524,45.55316446821904,51.029349409228324,51.27754872847785,15.141136661557383,True
2024-01-01 04:53:00,34.24801048510513,3.723251424179691,0,53.5148069594206,66.41868539003524,55.16221893922495,49.75309269344605,3.761714265974554,False
2024-01-01 04:54:00,31.785077429825236,3.9189434595917376,1,50.29956674654541,53.5148069594206,56.74435303200041,56.59996423050764,6.300397483962229,False
2024-01-01 04:55:00,26.535452023696728,6.053152853332904,1,47.59746422535145,50.29956674654541,50.47061264377248,49.274100306674185,1.6766360813227337,False
2024-01-01 04:56:00,34.49799937716625,4.960444846143345,0,51.68261940686875,47.59746422535145,49.85988345958853,50.84231210400923,0.8403073028595216,False
2024-01-01 04:57:00,31.536497604383047,5.681500697372624,0,50.24138385982469,51.68261940686875,49.84048916401496,47.99353633222709,2.2478475275975995,False
2024-01-01 04:58:00,34.0643105941948,5.0283183761304615,1,57.37445562862864,50.24138385982469,53.09948629844069,55.9540632575936,1.4203923710350352,False
2024-01-01 04:59:00,33.14814420961806,5.0297561394957455,0,49.93524782888073,57.37445562862864,52.517029105778015,49.56475083278312,0.37049699609761433,False
2024-01-01 05:00:00,25.855024945389637,5.938283805975997,1,48.73214500793463,49.93524782888073,52.01394948848133,50.268243552745204,1.5360985448105708,False
2024-01-01 05:01:00,27.199094799015153,4.4839552717826265,0,43.94432973761449,48.73214500793463,47.537240858143285,44.025012262981626,0.08068252536713771,False
2024-01-01 05:02:00,33.73646802561631,5.0961207769409835,0,75.45816570585285,43.94432973761449,56.044880150467314,56.730035174992985,18.728130530859865,True
2024-01-01 05:03:00,33.05185132716733,4.537724711294958,0,46.339109629076795,75.45816570585285,55.24720169084804,46.68861313701096,0.3495035079341662,False
2024-01-01 05:04:00,29.89549203017926,4.565503772567684,1,48.27999585729879,46.339109629076795,56.6924237307428,57.526118647134524,9.24612278983573,True
2024-01-01 05:05:00,30.58663691654391,4.690827876531361,0,45.46256061841322,48.27999585729879,46.69388870159626,45.51870430427793,0.0561436858647113,False
2024-01-01 05:06:00,36.388324478942124,5.222133771633713,1,54.77029033810384,45.46256061841322,49.50428227127194,55.656295988936066,0.8860056508322245,False
2024-01-01 05:07:00,27.04214305582085,4.5212513783365225,1,46.72725834600213,54.77029033810384,48.986703100839726,46.81169842783961,0.08444008183747798,False
2024-01-01 05:08:00,32.73548690585019,6.255756125573521,1,53.58116441959358,46.72725834600213,51.69290436789984,55.12240380218021,1.5412393825866317,False
2024-01-01 05:09:00,28.98903673783053,4.105392697780496,1,51.10183980740545,53.58116441959358,50.470087524333714,49.53401884861376,1.5678209587916854,False
2024-01-01 05:10:00,28.9115939838639,4.813128355838641,0,44.30608895967481,51.10183980740545,49.663031062224604,46.273542720991756,1.9674537613169463,False
2024-01-01 05:11:00,35.49388425993595,4.560268941725825,1,57.35016757005929,44.30608895967481,50.919365445713176,56.546712931318375,0.8034546387409165,False
2024-01-01 05:12:00,34.12708174494015,6.446977884353733,1,51.01828716768511,57.35016757005929,50.8915145658064,52.32611650891897,1.3078293412338624,False
2024-01-01 05:13:00,34.06754818000319,5.196554776511575,0,47.86671962544312,51.01828716768511,52.078391454395835,51.559070652950226,3.692351027507108,False
2024-01-01 05:14:00,36.52739403577164,6.031844539468635,1,53.7882705874117,47.86671962544312,50.891092460179976,56.38207001445349,2.5937994270417875,False
2024-01-01 05:15:00,30.105019208163796,3.514439626963028,0,41.350942132384915,53.7882705874117,47.66864411507991,44.32862670817209,2.9776845757871726,False
2024-01-01 05:16:00,33.40976485647482,5.267050265869258,1,52.56245051349446,41.350942132384915,49.233887744430355,54.77806570854345,2.21561519504899,False
2024-01-01 05:17:00,28.44866621703272,5.889630795623437,0,43.51543795685961,52.56245051349446,45.80961020091299,42.44854109114609,1.0668968657135167,False
2024-01-01 05:18:00,31.62083176244221,5.082283989275425,1,54.32356489643803,43.51543795685961,50.13381778893069,53.826007326957594,0.49755756948043484,False
2024-01-01 05:19:00,29.349284728161578,6.065480375065351,0,45.74105115163882,54.32356489643803,47.86001800164548,44.286219795975875,1.4548313556629466,False
2024-01-01 05:20:00,30.48497982496359,4.482711549899628,1,48.33961021131246,45.74105115163882,49.468075419796435,51.84559797108394,3.505987759771479,False
2024-01-01 05:21:00,32.975785127184565,6.40934744018558,1,56.08881323441603,48.33961021131246,50.056491532455766,53.436693913646145,2.6521193207698843,False
2024-01-01 05:22:00,25.908896583832636,7.29889812361925,0,61.19998384688362,56.08881323441603,55.20946909753737,48.196622872933666,13.003360973949952,True
2024-01-01 05:23:00,40.4619363784273,4.637161439560341,0,54.533744509679074,61.19998384688362,57.27418053032624,56.94740895153333,2.4136644418542588,False
2024-01-01 05:24:00,24.96991309250149,4.554497478599228,0,40.52296227630153,54.533744509679074,52.08556354428807,44.95186917913585,4.428906902834321,False
2024-01-01 05:25:00,23.92905693606134,6.453384477117701,0,38.224367075402114,40.52296227630153,44.427024620460905,41.99029618976302,3.765929114360908,False
2024-01-01 05:26:00,35.79055436750034,6.579572145730713,1,53.888029941858164,38.224367075402114,44.21178643118726,53.00395272528438,0.884077216573786,False
2024-01-01 05:27:00,33.95831346981468,4.477139972846731,1,55.34414801526012,53.888029941858164,49.152181677506796,51.39413817642738,3.9500098388327345,False
2024-01-01 05:28:00,33.12059908526078,4.579813182904143,0,73.84086524645878,55.34414801526012,61.02434773452568,57.34069354994842,16.500171696510357,True
2024-01-01 05:29:00,33.1417275463214,4.718215391139493,1,55.5998690936015,73.84086524645878,61.594960785106785,55.997858358827,0.3979892652255046,False
2024-01-01 05:30:00,29.938766135765427,3.6555494889657227,0,43.973314065039794,55.5998690936015,57.80468280170001,52.4306027742353,8.457288709195502,True
2024-01-01 05:31:00,25.51372814257084,4.081348053515802,0,39.17174764747865,43.973314065039794,46.24831026870663,43.170018277047916,3.9982706295692694,False
2024-01-01 05:32:00,30.37902279096863,3.9958592332479324,1,50.58499072659731,39.17174764747865,44.57668414637191,49.35662028448544,1.2283704421118742,False
2024-01-01 05:33:00,26.61419144243944,4.232202434895871,1,43.75447442282585,50.58499072659731,44.503737598967255,43.83879785570919,0.08432343288333755,False
2024-01-01 05:34:00,34.87559866708875,4.965315112613219,1,54.546814362040564,43.75447442282585,49.62875983715457,55.28377243854548,0.7369580765049193,False
2024-01-01 05:35:00,29.264713092489306,5.234214732536521,1,49.11656530139411,54.546814362040564,49.139284695420166,48.46747106408057,0.6490942373135411,False
2024-01-01 05:36:00,25.872514016037442,6.550500492814077,1,45.76593820909347,49.11656530139411,49.80977262417604,48.715903024426055,2.949964815332585,False
2024-01-01 05:37:00,28.393070791735035,4.001645959261209,1,45.525050498854434,45.76593820909347,46.802518003113995,48.20720634820789,2.6821558493534567,False
2024-01-01 05:38:00,32.064657271378124,5.984322398476584,1,52.67892603024193,45.525050498854434,47.9899715793966,51.83543625262812,0.8434897776138115,False
2024-01-01 05:39:00,27.181377235980126,4.786011155774491,0,41.67970010946028,52.67892603024193,46.6278922128522,42.173534246987884,0.49383413752760674,False
2024-01-01 05:40:00,25.888898022167844,4.950536290347567,0,39.3712847463137,41.67970010946028,44.576636962005296,42.74633766917688,3.3750529228631834,False
2024-01-01 05:41:00,31.218436057459563,5.674819492166604,0,40.23022441940435,39.3712847463137,40.42706975839277,43.18805754082452,2.9578331214201725,False
2024-01-01 05:42:00,31.224832855543614,3.8772779784377014,0,45.92483647433362,40.23022441940435,41.842115213350546,43.87990408620017,2.0449323881334465,False
2024-01-01 05:43:00,27.46528412314435,5.3824097461840505,0,46.516730491854965,45.92483647433362,44.223930461864306,42.276724895079795,4.24000559677517,False
2024-01-01 05:44:00,27.644808471908387,5.166452208213056,1,51.43836520662245,46.516730491854965,47.959977390937006,48.7181255407511,2.720239665871347,False
2024-01-01 05:45:00,31.16024968678818,5.4924512640081495,0,45.014007236258,51.43836520662245,47.656367644911796,45.93139611485417,0.9173888785961637,False
2024-01-01 05:46:00,22.75957829251338,5.289168643907818,0,38.003238513287144,45.014007236258,44.81853698538919,40.170227462918675,2.1669889496315307,False
2024-01-01 05:47:00,22.962681128117225,7.455300139910895,0,40.30769341464382,38.003238513287144,41.10831305472965,39.424474886299116,0.883218528344706,False
2024-01-01 05:48:00,26.40777889373782,4.362260015748684,0,40.12945223661367,40.30769341464382,39.4801280548482,38.984755657933874,1.144696578679799,False
2024-01-01 05:49:00,28.932764241440765,4.469003044998182,0,44.749795192791545,40.12945223661367,41.72898028134967,42.51285885292378,2.2369363398677677,False
2024-01-01 05:50:00,31.554537827990025,4.3768594735752355,0,47.7757908191614,44.749795192791545,44.21834608285553,44.92637853231965,2.8494122868417477,False
2024-01-01 05:51:00,37.37678108474776,4.444522880839745,0,53.35529131556683,47.7757908191614,48.62695910917325,51.401830986418084,1.9534603291487471,False
2024-01-01 05:52:00,34.2882981160101,4.362612872693482,1,53.23033033984817,53.35529131556683,51.45380415819213,53.699276713832006,0.4689463739838331,False
2024-01-01 05:53:00,29.200307350182864,6.189016531107551,1,48.952898379792366,53.23033033984817,51.84617334506911,51.26960072125084,2.3167023414584733,False
2024-01-01 05:54:00,29.904918960486555,6.420504247989855,0,43.16796999487612,48.952898379792366,48.450399571505535,46.694674532600246,3.526704537724129,False
2024-01-01 05:55:00,24.987353176810956,4.429253706250524,1,66.44302088885945,43.16796999487612,52.8546297545093,52.12504318124528,14.317977707614169,True
2024-01-01 05:56:00,29.90743432003805,4.167644426895771,1,49.47298967222739,66.44302088885945,53.027993518654306,48.680924813058965,0.792064859168427,False
2024-01-01 05:57:00,28.55670680539931,5.471415556386404,1,49.580096457951804,49.47298967222739,55.165369006346204,54.66662888419681,5.086532426245007,False
2024-01-01 05:58:00,31.613592801690448,4.4477769557190285,1,53.11804349381885,49.580096457951804,50.72370987466601,52.523293000979585,0.5947504928392675,False
2024-01-01 05:59:00,25.863845282238387,5.6329318177555106,0,40.08471832443002,53.11804349381885,47.59428609206689,42.212346940435744,2.1276286160057225,False
2024-01-01 06:00:00,32.59673257120586,5.2029230208512995,1,55.062763194883736,40.08471832443002,49.4218416710442,54.79111910270049,0.27164409218324437,False
2024-01-01 06:01:00,37.66369456501289,3.484255885002768,1,55.58870844992518,55.062763194883736,50.24539665641297,54.094533902770614,1.4941745471545644,False
2024-01-01 06:02:00,29.456199257715713,6.547505201330061,1,49.522224817475696,55.58870844992518,53.39123215409486,52.14359088324496,2.6213660657692657,False
2024-01-01 06:03:00,32.00855861049471,6.7958776730955215,0,45.112423530100116,49.522224817475696,50.074452265833656,49.26367802508855,4.151254494988436,False
2024-01-01 06:04:00,33.45071995855556,4.387211309515614,0,42.912095446298565,45.112423530100116,45.84891459795812,47.37542737759881,4.463331931300246,False
2024-01-01 06:05:00,27.993897640570818,4.6122984400640155,0,45.163208905178756,42.912095446298565,44.39590929385914,43.46996358039813,1.6932453247806265,False
2024-01-01 06:06:00,31.120462409052084,5.285865390724905,0,47.370057721426534,45.163208905178756,45.14845402430128,45.487565290550364,1.8824924308761695,False
2024-01-01 06:07:00,30.062962003908975,5.3344567899870245,0,44.48771448889075,47.370057721426534,45.673660371832,44.6833504049682,0.19563591607744968,False
2024-01-01 06:08:00,30.48838049274416,5.65854427267283,0,45.52468582864507,44.48771448889075,45.79415267965411,45.90593029599081,0.3812444673457378,False
2024-01-01 06:09:00,26.13495108072267,7.01020453876635,0,42.93983929998633,45.52468582864507,44.3174132058407,41.91851098861983,1.0213283113665028,False
2024-01-01 06:10:00,30.122550871294713,4.82305277250595,1,46.97294898326268,42.93983929998633,45.145824703964685,48.76079401891374,1.7878450356510598,False
2024-01-01 06:11:00,32.48999145622725,4.201702755461547,1,50.93388781028921,46.97294898326268,46.948892031179405,50.51293100792843,0.42095680236077726,False
2024-01-01 06:12:00,37.25571803897521,3.620680771985473,1,57.39310379042382,50.93388781028921,51.76664686132523,56.33249823356678,1.0606055568570412,False
2024-01-01 06:13:00,34.79635413042603,4.269069960058081,0,46.32850445800232,57.39310379042382,51.55183201957177,49.61276948463045,3.284265026628127,False
2024-01-01 06:14:00,40.76591228755778,4.966873027126203,0,54.19984569437948,46.32850445800232,52.64048464760186,57.389675688236565,3.1898299938570815,False
2024-01-01 06:15:00,26.163262185559752,6.794557863517788,0,39.21744613920099,54.19984569437948,46.581932097194255,41.40576802047181,2.1883218812708236,False
2024-01-01 06:16:00,34.36160318360339,4.482388700963829,0,49.42214251174977,39.21744613920099,47.61314478177673,51.112209004296176,1.690066492546407,False
2024-01-01 06:17:00,30.91671002869176,5.223787951638898,0,45.66208505835844,49.42214251174977,44.76722456976972,43.83068197408501,1.8314030842734326,False
2024-01-01 06:18:00,40.94901466608836,4.983577103927248,1,55.52894810105967,45.66208505835844,50.20439189038928,58.93214035286251,3.4031922518028423,False
2024-01-01 06:19:00,25.958508573224243,6.188393273448084,1,49.09628556749374,55.52894810105967,50.09577290897061,47.15459768645785,1.9416878810358895,False
2024-01-01 06:20:00,25.801390789096118,7.526932425873621,0,40.1719294776808,49.09628556749374,48.26572104874472,44.17900903193832,4.007079554257523,False
2024-01-01 06:21:00,27.00303677277989,4.4691312270796795,0,40.98192454419515,40.1719294776808,43.416713196456556,42.77605663580178,1.7941320916066275,False
2024-01-01 06:22:00,19.380521378450965,4.510560557481778,0,36.90555549722266,40.98192454419515,39.35313650636619,34.442752696125694,2.462802801096963,False
2024-01-01 06:23:00,27.371224891596196,6.044160877069072,0,45.19425461213439,36.90555549722266,41.02724488451739,42.11751994368687,3.0767346684475143,False
2024-01-01 06:24:00,26.20433669223151,5.681891489626311,1,44.93182571582842,45.19425461213439,42.343878608395144,43.481696789859264,1.4501289259691532,False
2024-01-01 06:25:00,30.75196893238104,6.846707325736034,0,45.72493484560078,44.93182571582842,45.283671724521184,45.691197308345366,0.033737537255412064,False
2024-01-01 06:26:00,31.708779878885796,5.583928185325964,0,47.224656903769784,45.72493484560078,45.96047248839965,46.43019908508793,0.794457818681856,False
2024-01-01 06:27:00,39.38085419607943,4.64070790921294,0,53.890894571389836,47.224656903769784,48.94682877358679,53.07879559298604,0.812098978403796,False
2024-01-01 06:28:00,34.75211919093025,5.590654830692309,0,49.154578463298655,53.890894571389836,50.09004331281941,49.52533437232461,0.37075590902595223,False
2024-01-01 06:29:00,27.115481721687985,6.108703580582908,1,46.95832969918374,49.154578463298655,50.0012675779574,49.55439171823071,2.5960620190469683,False
2024-01-01 06:30:00,25.50792664325821,5.820482181197364,0,39.751160873309125,46.95832969918374,45.2880230119305,41.77923024958539,2.028069376276264,False
2024-01-01 06:31:00,32.45959585753253,5.507274031107298,0,47.139964452118775,39.751160873309125,44.616485008203874,47.40011892444989,0.26015447233111644,False
2024-01-01 06:32:00,23.398833964896788,6.066674689589154,1,42.57478914794622,47.139964452118775,43.15530482445803,41.987878424360034,0.5869107235861861,False
2024-01-01 06:33:00,39.157293829271765,6.169295590445673,1,51.4831340964282,42.57478914794622,47.06596256549773,56.20818459878192,4.725050502353717,False
2024-01-01 06:34:00,35.897200603606436,6.382158991037527,1,55.59088009120048,51.4831340964282,49.88293444519163,54.17440744106057,1.4164726501399088,False
2024-01-01 06:35:00,27.654121739476476,5.648709887589643,0,44.93116707375357,55.59088009120048,50.66839375379408,45.242633200023946,0.31146612627037484,False
2024-01-01 06:36:00,21.434327354545612,4.832881919683146,0,33.42159701255281,44.93116707375357,44.64788139250228,39.17042323513559,5.748826222582778,False
2024-01-01 06:37:00,36.76936187082706,5.146713686433323,1,53.396028087241774,33.42159701255281,43.91626405784937,54.46802384099889,1.0719957537571148,False
2024-01-01 06:38:00,29.42730077373691,6.206508966508357,1,50.78014914099992,53.396028087241774,45.86592474693149,46.23678996549803,4.543359175501884,False
2024-01-01 06:39:00,36.18908155986731,4.183064329012764,1,59.06625618731725,50.78014914099992,54.41414447185298,58.08649944883529,0.9797567384819601,False
2024-01-01 06:40:00,22.027861706028165,5.368673308872901,1,43.663876780173354,59.06625618731725,51.170094036163505,44.5655943828666,0.9017176026932461,False
2024-01-01 06:41:00,27.003124885231134,4.606661187672639,1,46.14649402572664,43.663876780173354,49.6255423310724,50.46946974944906,4.322975723722422,False
2024-01-01 06:42:00,30.026218498590914,5.028744822934818,1,49.65518191666305,46.14649402572664,46.488517574187675,48.984969737539544,0.670212179123503,False
2024-01-01 06:43:00,30.23490296882371,6.278451862607299,0,47.937675213355334,49.65518191666305,47.913117051915,46.214703472944464,1.7229717404108698,False
2024-01-01 06:44:00,27.74967264260378,5.191099068019903,0,41.90780975583395,47.937675213355334,46.5002222952841,43.80516635703984,1.8973566012058853,False
2024-01-01 06:45:00,33.114249661737496,5.046436548156149,0,45.89301571608949,41.90780975583395,45.246166895092905,47.65879679983941,1.7657810837499213,False
2024-01-01 06:46:00,24.661897853087027,3.640143859020081,1,44.76403123810555,45.89301571608949,44.18828557000965,43.6075826640737,1.1564485740318489,False
2024-01-01 06:47:00,29.288102574893532,5.746253566027221,1,47.5238248433974,44.76403123810555,46.06029059919748,48.671343368457066,1.1475185250596667,False
2024-01-01 06:48:00,30.601478158559495,5.645484181141075,1,50.72652315883719,47.5238248433974,47.67145974678004,50.05884603887979,0.6676771199573963,False
2024-01-01 06:49:00,32.57219417029374,7.16325472330546,1,55.30711225317411,50.72652315883719,51.18582008513622,53.60824586414917,1.6988663890249427,False
2024-01-01 06:50:00,33.558074390444446,4.692221765046999,1,53.49261805858762,55.30711225317411,53.17541782353296,54.23549313742136,0.742875078833741,False
2024-01-01 06:51:00,24.376789540810655,5.219150327663939,1,44.99672462839595,53.49261805858762,51.265484980052555,47.61598192121061,2.619257292814659,False
2024-01-01 06:52:00,22.32942914632189,5.2493836837107555,0,38.27992077922642,44.99672462839595,45.58975448873665,40.5687667909754,2.28884601174898,False
2024-01-01 06:53:00,36.38838410949255,6.577453279763475,0,46.984325670200725,38.27992077922642,43.42032369260769,49.34263523084881,2.358309560648088,False
2024-01-01 06:54:00,31.661570059897958,4.904704467613048,1,53.09547560221268,46.984325670200725,46.119907350546605,49.407015723170616,3.688459879042064,False
2024-01-01 06:55:00,26.25756731721723,5.2790215257703395,0,65.33589373928955,53.09547560221268,55.13856500390097,48.86957896563305,16.466314773656492,True
2024-01-01 06:56:00,37.75575987761262,5.607896509716539,1,55.84364807490884,65.33589373928955,58.09167247213701,58.3261731448123,2.48252506990346,False
2024-01-01 06:57:00,30.578373171464293,5.186609123156358,0,51.84891367286116,55.84364807490884,57.67615182901984,52.88206994743474,1.0331562745735852,False
2024-01-01 06:58:00,35.89648592031913,4.5535663854494715,1,55.31469455298667,51.84891367286116,54.335752100252215,57.59986087885353,2.2851663258668538,False
2024-01-01 06:59:00,30.337592407050543,5.1940899928983075,1,48.76649182545006,55.31469455298667,51.97670001709928,51.32939308220835,2.5629012567582876,False
2024-01-01 07:00:00,40.303739624409936,6.073631749859772,0,52.39027650711686,48.76649182545006,52.15715429518451,56.1844929709549,3.7942164638380405,False
2024-01-01 07:01:00,38.77670421221602,3.9734847005889398,0,54.31825478816632,52.39027650711686,51.825007706911066,53.62278157149078,0.6954732166755377,False
2024-01-01 07:02:00,28.75517925760463,5.132969674146876,1,49.23068422715924,54.31825478816632,51.97973850748079,50.64141139460907,1.410727167449835,False
2024-01-01 07:03:00,34.85785475477178,4.299879185060827,1,51.00972784718269,49.23068422715924,51.519555620836066,55.25038024918025,4.240652401997565,False
2024-01-01 07:04:00,33.226879747925736,6.1950466289248425,0,49.419961667491,51.00972784718269,49.886791247277635,49.32981058074243,0.09015108674856975,False
2024-01-01 07:05:00,36.843157787661745,3.476813095216225,0,49.13823805905141,49.419961667491,49.855975857908355,51.51670747770857,2.3784694186571613,False
2024-01-01 07:06:00,25.17538269709948,4.441078152728411,1,49.88690171011467,49.13823805905141,49.48170047888568,47.67215747072629,2.2147442393883807,False
2024-01-01 07:07:00,33.4302572999922,5.377211875064521,0,49.90430197142306,49.88690171011467,49.64314724686303,49.43074541554882,0.4735565558742394,False
2024-01-01 07:08:00,35.292122434247936,6.56552402923434,1,53.33905415608085,49.90430197142306,51.04341927920618,55.2743908515037,1.9353366954228548,False
2024-01-01 07:09:00,21.20630256788443,4.934249738927012,1,45.52707477777777,53.33905415608085,49.59014363509388,44.25267133747054,1.274403440307232,False
2024-01-01 07:10:00,24.083707436671126,4.444800473306802,1,45.40267697039171,45.52707477777777,48.08960196808343,46.830950492544915,1.428273522153205,False
2024-01-01 07:11:00,19.803839111199498,6.88115706944059,1,43.54861863920404,45.40267697039171,44.82612346245782,41.85399036699541,1.6946282722086252,False
2024-01-01 07:12:00,28.652965827777212,3.5519860995837558,0,44.89183829681072,43.54861863920404,44.61437796880214,43.71120353803175,1.1806347587789716,False
2024-01-01 07:13:00,33.58771127897981,2.801194043379918,0,46.1774557132021,44.89183829681072,44.87263754973893,46.433186092303636,0.25573037910153573,False
2024-01-01 07:14:00,37.51178526048014,5.440014450053332,0,49.722328543749185,46.1774557132021,46.93054085125399,50.63570987250654,0.9133813287573531,False
2024-01-01 07:15:00,30.370473902098876,4.497945775647389,0,47.35630075684143,49.722328543749185,47.75202833793089,45.858911683367644,1.4973890734737836,False
2024-01-01 07:16:00,38.14307772785646,3.9787671828692868,0,50.84491151807208,47.35630075684143,49.30784693955422,52.49517916275445,1.6502676446823656,False
2024-01-01 07:17:00,23.099492708925542,5.708356447299353,0,38.67229724065644,50.84491151807208,45.62450317185664,39.495607833472185,0.8233105928157443,False
2024-01-01 07:18:00,21.483087803224226,5.243800713771199,0,36.276225083880675,38.67229724065644,41.931144614203056,38.694267648270284,2.4180425643896086,False
2024-01-01 07:19:00,29.722261505516904,4.435921369263272,1,50.62500733560044,36.276225083880675,41.85784322004584,47.50993328512662,3.1150740504738224,False
2024-01-01 07:20:00,31.920327244696537,3.7196956013291054,0,50.66131163424352,50.62500733560044,45.85418135124153,44.79650833812471,5.864803296118808,False
2024-01-01 07:21:00,29.836526259529535,5.872457328280145,0,42.734155179115085,50.66131163424352,48.00682471631967,45.70635846642852,2.972203287313434,False
2024-01-01 07:22:00,19.662789499800617,5.650201177958661,1,41.77867051318601,42.734155179115085,45.05804577551485,42.52250616042464,0.7438356472386332,False
2024-01-01 07:23:00,29.55439980243606,4.900824136220617,0,47.467960952779706,41.77867051318601,43.99359554836025,44.43662733556231,3.031333617217399,False
2024-01-01 07:24:00,23.477652497475734,6.846636996047666,0,39.62283921548916,47.467960952779706,42.95649022715161,38.56643216391881,1.0564070515703463,False
2024-01-01 07:25:00,33.348362744150194,3.9299152336738477,1,53.58343378781962,39.62283921548916,46.89141131869615,53.00694490452997,0.5764888832896489,False
2024-01-01 07:26:00,31.83299123048424,3.474474829075261,0,44.34160592809363,53.58343378781962,45.84929297713412,43.869405768825594,0.47220015926803427,False
2024-01-01 07:27:00,25.300601068363225,4.3080919301187555,0,42.09709504910588,44.34160592809363,46.67404492167302,43.33791728919191,1.2408222400860254,False
2024-01-01 07:28:00,27.430665413316532,4.9544139836445025,0,42.57024380064413,42.09709504910588,43.00298159261453,42.21679254470342,0.3534512559407119,False
2024-01-01 07:29:00,24.70393239055524,5.243339449322692,1,47.73460590380392,42.57024380064413,44.13398158451796,44.77322194739657,2.961383956407346,False
2024-01-01 07:30:00,29.68660451363414,4.75876394214367,0,47.124055714036814,47.73460590380392,45.80963513949494,44.37806530358675,2.7459904104500623,False
2024-01-01 07:31:00,34.77571160250619,5.352055396514297,0,53.99969656604218,47.124055714036814,49.619452727960955,50.999664013308724,3.000032552733458,False
2024-01-01 07:32:00,25.07136976832228,3.748460575809556,1,47.21636216108498,53.99969656604218,49.44670481372131,46.10382264827881,1.1125395128061726,False
2024-01-01 07:33:00,32.52023257758922,6.44376460407326,0,47.66777869523571,47.21636216108498,49.627945807454275,49.7838129993755,2.116034304139788,False
2024-01-01 07:34:00,27.348711908137794,4.917848821607431,1,48.267738129664906,47.66777869523571,47.71729299532851,47.967637640331894,0.3001004893330119,False
2024-01-01 07:35:00,26.03563583868828,6.117295831588128,1,46.12217608532925,48.267738129664906,47.35256430340994,46.87846421711308,0.7562881317838261,False
2024-01-01 07:36:00,29.464848200227213,5.342725346377704,0,45.248846247105156,46.12217608532925,46.54625348736642,45.42012612263752,0.17127987553236323,False
2024-01-01 07:37:00,24.82378838790313,5.456753219153784,1,45.26822789004444,45.248846247105156,45.54641674082627,45.33803607285721,0.06980818281276413,False
2024-01-01 07:38:00,27.23175347326409,5.569767280232204,1,48.1223247311505,45.26822789004444,46.21313295610002,47.38418800463137,0.7381367265191301,False
2024-01-01 07:39:00,24.010610537055758,5.447708560017315,0,42.84368350086052,48.1223247311505,45.41141204068514,40.58992138691859,2.2537621139419315,False
2024-01-01 07:40:00,39.82362566458195,5.642722759867544,1,55.84581540110628,42.84368350086052,48.93727454437242,58.05837815829028,2.2125627571840027,False
2024-01-01 07:41:00,30.176317759858645,6.329152530132431,1,52.42081133014501,55.84581540110628,50.370103410703926,49.884144679152506,2.536666650992501,False
2024-01-01 07:42:00,26.50137246003707,5.19652116970147,0,44.83532810270939,52.42081133014501,51.03398494465355,45.67529122507968,0.8399631223702926,False
2024-01-01 07:43:00,31.06989955367111,5.709003757588512,0,45.619782588954735,44.83532810270939,47.62530734060303,47.73919619249274,2.119413603538007,False
2024-01-01 07:44:00,29.43835975154585,4.910264305712773,0,40.306978003219484,45.619782588954735,43.58736289829452,42.94024810980983,2.633270106590345,False
2024-01-01 07:45:00,28.895152002333884,6.440117215449472,1,47.90047762767824,40.306978003219484,44.609079406617475,48.55036755931005,0.6498899316318045,False
2024-01-01 07:46:00,33.07083350021713,4.32360769794073,0,50.05065589329592,47.90047762767824,46.08603717473121,46.554699790322374,3.495956102973544,False
2024-01-01 07:47:00,33.787538550236526,6.800940432910815,1,52.98429471559145,50.05065589329592,50.31180941218852,53.72961722535726,0.7453225097658063,False
2024-01-01 07:48:00,27.34749426194736,4.9598420493556565,1,45.879390944968065,52.98429471559145,49.638113851285134,48.126591954133495,2.2472010091654298,False
2024-01-01 07:49:00,27.1209087967766,3.569224897881952,1,46.687177194964846,45.879390944968065,48.51695428517477,48.80434588505812,2.1171686900932727,False
2024-01-01 07:50:00,28.62474151424178,5.128104414910789,1,50.58103326440253,46.687177194964846,47.715867134778456,49.04994873219029,1.5310845322122404,False
2024-01-01 07:51:00,18.490394176322077,4.318948342525119,1,41.88578247746042,50.58103326440253,46.38466431227591,40.53314783137605,1.3526346460843683,False
2024-01-01 07:52:00,22.42404468900724,5.840643548988724,1,43.4613715528664,41.88578247746042,45.309395764909766,44.6831102676986,1.221738714832199,False
2024-01-01 07:53:00,36.83437133722262,4.3473760206976095,1,54.733848246148725,43.4613715528664,46.69366742549183,53.94171019101264,0.7921380551360855,False
2024-01-01 07:54:00,38.22483856750642,4.55381656678522,0,50.796354555917496,54.733848246148725,49.663858118310856,50.86814447153254,0.07178991561504233,False
2024-01-01 07:55:00,28.75481980221811,3.110459269054469,0,42.15903547277748,50.796354555917496,49.22974609161455,45.623858372414446,3.464822899636964,False
2024-01-01 07:56:00,32.88278481527883,4.547693680750923,1,55.53697923116195,42.15903547277748,49.4974564199523,54.343407607051674,1.1935716241102767,False
2024-01-01 07:57:00,31.556250772717682,2.5761206733710433,1,50.60035967975146,55.53697923116195,49.43212479456361,49.412096569965044,1.1882631097864191,False
2024-01-01 07:58:00,45.39440404227619,3.4160971765142767,0,59.749840275471946,50.60035967975146,55.29572639546177,61.031513421708986,1.2816731462370399,False
2024-01-01 07:59:00,35.59787455717289,5.760414656144297,1,57.52093174958321,59.749840275471946,55.95704390160219,56.77929955250287,0.7416321970803423,False
2024-01-01 08:00:00,29.360412042596167,5.785800158650832,0,46.48495143037285,57.52093174958321,54.58524115180933,49.11604913746374,2.6310977070908876,False
2024-01-01 08:01:00,25.22229779699787,5.425457561784965,0,40.314597612162196,46.48495143037285,48.10682693070607,44.092962904572744,3.778365292410548,False
2024-01-01 08:02:00,21.96776839871214,4.033023856870787,0,39.38167489964293,40.314597612162196,42.060407980725984,38.44681160306316,0.9348632965797705,False
2024-01-01 08:03:00,31.017318179336115,4.9522886438580205,1,50.76546333068706,39.38167489964293,43.48724528083071,48.902280654248194,1.8631826764388677,False
2024-01-01 08:04:00,26.218246273578483,4.9963974609094315,1,45.167193297402534,50.76546333068706,45.10477717591082,44.183606223640226,0.9835870737623083,False
2024-01-01 08:05:00,22.88873145201163,3.8416353108074572,0,39.959703725052506,45.167193297402534,45.29745345104735,40.38761913424456,0.4279154091920532,False
2024-01-01 08:06:00,26.767135578787368,6.503398301767151,0,40.05562888071029,39.959703725052506,41.72750863438843,41.56550125174593,1.509872371035641,False
2024-01-01 08:07:00,24.592259981928024,5.877362290575672,0,43.049166762465546,40.05562888071029,41.02149978940943,39.51379866864102,3.5353680938245233,False
2024-01-01 08:08:00,38.43570817536282,4.779035826170336,0,50.81933194569347,43.049166762465546,44.641375862956416,50.008751164574846,0.8105807811186239,False
2024-01-01 08:09:00,34.408198784747256,5.026885838994531,0,48.92887833954348,50.81933194569347,47.59912568256749,47.9549597422662,0.973918597277283,False
2024-01-01 08:10:00,29.960136793416915,5.208382807947553,1,50.53468517782582,48.92887833954348,50.09429848768758,51.282738955688345,0.7480537778625234,False
2024-01-01 08:11:00,37.39972069445013,2.9582651315757094,0,50.40196660815195,50.53468517782582,49.955176708507075,51.544653619190164,1.1426870110382126,False
2024-01-01 08:12:00,30.38684153823809,4.752822617479403,1,51.48286083354102,50.40196660815195,50.80650420650625,51.66662483840161,0.18376400486059197,False
2024-01-01 08:13:00,25.69357899335868,4.318015752002202,0,40.6050558814419,51.48286083354102,47.496627774378275,42.27700267175102,1.6719467903091214,False
2024-01-01 08:14:00,37.61562038634828,3.9983799901050845,1,57.83509090399311,40.6050558814419,49.97433587299199,57.975978360245705,0.14088745625259236,False
2024-01-01 08:15:00,32.694550218423295,4.718899707114045,1,49.46368081424514,57.83509090399311,49.301275866560026,49.68383139843928,0.22015058419414402,False
2024-01-01 08:16:00,24.81376922836772,6.797686526849523,1,46.103774541787,49.46368081424514,51.13418208667506,49.14993130891226,3.046156767125261,False
2024-01-01 08:17:00,29.04830660958196,5.64084286126701,1,53.11650328578214,46.103774541787,49.56131954727141,51.134119167437454,1.982384118344683,False
2024-01-01 08:18:00,25.621908733076214,4.428821010217203,1,44.49686433724982,53.11650328578214,47.90571405493964,45.47259594813461,0.9757316108847931,False
2024-01-01 08:19:00,23.086001345178317,5.572582781356159,1,43.11331113509295,44.49686433724982,46.90889291937495,45.68041261448058,2.567101479387631,False
